First_Name,Last_Name,Phone,Email,Register_Number,Institution_Name,Mode,Course_Name,Total,Entry_Date,Payment_Status
rhjrknut,rqfiz,(994)344-322-4,rhjrknutrqfiz@yahoo.com,3mp63537421,mite,Offline,iot,4000,"Wed, 03 Aug 2022 14:49:44 GMT",paid
hbq,kxk,(140)011-626-9,hbqkxk@gmail.com,1mp81900761,mite,Offline,iot,4000,"Fri, 19 Aug 2022 11:38:40 GMT",paid
jqz,wui,(958)615-492-8,jqzwui@gmail.com,7mp06645691,mite,Offline,iot,4000,"Wed, 26 Oct 2022 11:36:33 GMT",paid
hhefm,etvfr,(358)249-816-2,hhefmetvfr@gmail.com,4mp29915245,mite,Offline,iot,4000,"Sat, 27 Aug 2022 16:05:35 GMT",paid
aycocp,kbuux,(377)552-862-2,aycocpkbuux@outlook.com,9mp03543165,mite,Offline,iot,4000,"Mon, 07 Nov 2022 16:03:34 GMT",paid
emoofjo,bwyse,(244)515-409-8,emoofjobwyse@yahoo.com,4mp99357850,mite,Offline,iot,4000,"Thu, 24 Feb 2022 16:02:05 GMT",paid
xmckhjn,wevax,(428)235-372-9,xmckhjnwevax@gmail.com,9mp27527909,mite,Offline,iot,4000,"Sat, 19 Mar 2022 15:30:34 GMT",paid
efzted,qliqr,(270)639-643-4,efztedqliqr@yahoo.com,1mp54813466,mite,Offline,iot,4000,"Sat, 23 Apr 2022 11:36:45 GMT",paid
hlhnm,ewitf,(310)109-241-9,hlhnmewitf@outlook.com,6mp87057514,mite,Offline,iot,4000,"Wed, 02 Mar 2022 11:43:33 GMT",paid
gbq,qdk,(386)700-771-8,gbqqdk@yahoo.com,6mp02372653,mite,Offline,iot,4000,"Thu, 17 Nov 2022 16:11:46 GMT",paid
